User_ID,Product_ID,Product_Name,Category,Samples,Timestamp,LSTM_Backtest_RMSE,LSTM_Backtest_MAE,LSTM_Backtest_MAPE,XGB_Backtest_RMSE,XGB_Backtest_MAE,XGB_Backtest_MAPE,LSTM_RMSE,LSTM_MAE,LSTM_MAPE,XGB_RMSE,XGB_MAE,XGB_MAPE
14,P0001,Ottogi Sesame Oil 500mL,Condiments,415,2025-12-09 11:53:27,1.11999786372572,0.8286524771086987,96.24800495128625,0.47175699814850186,0.34882967008484733,25.593413258040396,1.090735982322992,0.8041348091265798,89.07768946912238,0.4240364948214576,0.290885874305863,19.76849950221648
14,P0003,Sempio Sesame Oil,Condiments,668,2025-12-09 11:53:27,1.027295692576513,0.8089903583404234,108.21041481696042,1.5402496874147276,1.2491881767908732,51.5479853549064,1.0133261355590317,0.7917229989342105,106.05907314144423,1.5756417213290295,1.2445961824103968,50.1112508219427
14,P0005,Ottogi Gold Mayonnaise 300g,Condiments,780,2025-12-09 11:53:28,0.7367063611939626,0.6134179169944929,163.01869370847353,1.3844252636024756,1.1394033246570163,70.04761817152539,0.7288867596614136,0.6058922568072139,87.20881268932831,2.0608980024509087,1.7914958932460883,118.8018011057042
14,P0004,O'Food Korean Chili Oil,Condiments,745,2025-12-09 11:53:28,0.7435957367277819,0.6342718197777651,99.90181942880902,1.3019075425728786,1.0680626928806305,59.632535230832474,0.7587599990312532,0.6843897649037032,95.53881754283549,1.504623731998653,1.2113437748595373,77.47510341044386
14,P0006,Chung Jung One Soy Sauce,Condiments,607,2025-12-09 11:54:04,1.1672734813517494,0.9058798140066937,253.74589660703413,1.5293656020773696,1.2265452007452646,51.2313134806535,1.138763023842143,0.921201623982943,120.15831511801254,1.5865605095935087,1.2410825129415168,45.417938285564524
14,P0007,Samyang Spicy Mayo,Condiments,728,2025-12-09 11:54:08,1.2201234110537693,0.9650454238861448,120.06051850690667,2.2396345132760294,1.6493017282750873,51.610672894919205,1.0806340684487916,0.8728577969286433,104.55479716456884,1.9687060692719776,1.442582030002385,44.0468704341056
14,P0008,Ottogi Corn Syrup,Condiments,732,2025-12-09 11:54:11,0.8828438849009931,0.7198031156770367,102.66167805634774,1.326404750804644,1.0227459324730765,44.73397636150767,0.8823033063595146,0.699866324877944,101.30130817403537,1.3689133782006617,1.0505221668554812,45.369161411673296
14,P0009,CJ Beksul Corn Syrup,Condiments,827,2025-12-09 11:54:12,1.1896726998618203,0.9299341597797874,113.05688524080037,2.1568493546546463,1.6939632071389092,50.2933680578421,1.1834211432372217,0.9209173144656231,109.51548187937394,2.1777571516739576,1.7167122866733964,54.39674868292229
14,P0019,Haepyo Crispy Seaweed 9Pcs,Dry Food,442,2025-12-09 11:54:48,0.9953428060338282,0.7097792780736649,96.06028847635811,1.1681708901616115,0.891084165043301,48.81075434709983,0.7740960589727574,0.614514295978864,95.58511413441893,1.1219752938903296,0.8771363416414583,52.65502830272012
14,P0018,(Kaya) Korean Rice 1.5Kg,Dry Food,470,2025-12-09 11:54:46,1.1149356023989339,0.8056241840603829,98.95767064582876,1.3027629089142718,0.9599936352835762,43.65088922684155,1.2404377082532105,0.8232507781763689,98.62985216276361,1.5152538718906985,1.0536933072069858,45.603889863119065
14,P0020,CJ Beksul Hotteok Mix,Dry Food,341,2025-12-09 11:54:53,0.9354332678081547,0.7566110414359539,101.09033594814821,1.1587207357369558,0.908782512611813,52.95063914918396,0.8090005290791145,0.693963936909022,101.10796861063167,0.8344529631293114,0.6652883930482726,34.35770675591389
14,P0021,Bibigo Kimbab Kim 10Sheets,Dry Food,369,2025-12-09 11:55:00,0.9293515404240806,0.7362527502244447,98.80476117084112,1.1372948907187945,0.9175620681709713,50.59673060489921,1.0994778560076934,0.8180172578672548,99.78319333992494,1.1757841778760767,0.9141484257337209,51.682724412906225
14,P0022,Ottogi Tteokbokki Cup,Dry Food,387,2025-12-09 11:55:33,0.9918912193076759,0.7849135580391768,98.65677816645973,1.1771726585785411,0.90343556271659,50.20561891794205,0.8825388853006425,0.7212781477810281,102.53649828484824,1.0763285099411353,0.8118699086018097,39.27854339281718
14,P0023,Dongwon  Luncheon Meat 340g,Dry Food,349,2025-12-09 11:55:42,1.075938938518765,0.8448064625120961,100.29908059934597,1.4160144131534573,1.1175567871994443,62.36538458879663,0.8235227695112549,0.7022674361243282,100.24169955769528,1.2047707128657223,0.9968447583062309,73.36549275829678
14,P0024,O'Food Kimchi Soup Mix,Dry Food,416,2025-12-09 11:55:46,0.91158327193218,0.7213705199398978,96.50733661897269,1.015220665885504,0.7910963869757123,44.41305651204296,1.0230000385852425,0.8000083291790697,100.33068117996895,1.010868518764776,0.7496946666921888,39.867029602295155
14,P0025,Sempio Yellow Peach In Can 400g,Dry Food,358,2025-12-09 11:56:04,1.0687733712104917,0.843438782220711,104.68387494163818,1.1946517781313266,0.9316324028703902,51.461852350247604,0.9989245111497487,0.7926581014884323,104.19050104710901,1.1261210586543635,0.8869446996185515,57.34673460324604
14,P0026,Yopokki Sweet & Spicy 280g,Dry Food,1084,2025-12-09 11:56:48,1.048901864481433,0.8202688758474106,104.95888610636739,3.6832505032042615,2.8484017981423273,47.99800576750457,1.0346276429339991,0.8125584214161834,100.74161094536944,3.5303361576650025,2.7603670979425106,49.49849865983212
14,P0028,CJ Bibigo Seaweed Soup,Dry Food,484,2025-12-09 11:57:01,0.9240541099831874,0.7252967833263998,101.68925593430419,1.0738536289066873,0.8648823214901818,44.092887869903024,0.9419151764588403,0.7127101079624917,100.2757102352621,0.9437826700301252,0.7571695981566439,41.33285260106865
14,P0027,Yopokki Cheese 240g,Dry Food,1050,2025-12-09 11:56:56,0.9159589834184787,0.7452625163939464,104.00818343737623,2.714851551274995,2.169614758094152,53.78711062986419,0.9218640386555237,0.7455991441218873,101.88669431369088,2.6368151722614974,2.111030509926024,49.83558166922244
14,P0029,CJ Beksul Pancake Flour,Dry Food,446,2025-12-09 11:57:12,1.0773858951675768,0.7999471096337214,99.82578222515599,1.1719216305264926,0.847169507212109,41.821182807917324,1.2424434681888779,0.8651154617336401,100.06906065438368,1.1892372974640681,0.7809902509053548,37.72821193081991
14,P0030,Yopokki Onion Butter 120g Cup,Dry Food,241,2025-12-09 11:57:39,0.8102281153375094,0.6878432692525387,100.2085163409161,1.5367921199675405,1.22142204840978,86.21600651741026,0.981301768119942,0.7971689933114716,102.30132384282635,0.9878626786256416,0.7857054131371635,50.29477268254675
14,P0032,Samlip Mini Kimbap,Dry Food,474,2025-12-09 11:57:45,0.8799682578467962,0.706853915683948,99.92598752967865,1.0990294109767487,0.8560199366675483,50.96948520941709,0.7632860763981943,0.6583126697897322,99.72586362738515,0.9612346819925242,0.7976595288828799,55.738349755605064
14,P0033,CJ Beksul Frying Mix,Dry Food,334,2025-12-09 11:57:46,1.0570029883135366,0.8105902717366398,100.41256488192062,1.1614163819100691,0.9099526955021753,50.79027899989375,1.025368502506978,0.7820173660267444,100.28181503068745,1.0660556651520796,0.8033236113946829,42.79064205451984
14,P0031,Yopokki Cheese Cup 120g,Dry Food,1036,2025-12-09 11:57:41,1.2330847528046238,0.9832688030822156,161.82414097875193,4.322192492125489,3.344112586975098,42.81400540740024,1.1406281388001918,0.9040852393060884,183.54935975333711,4.28312955410066,3.3318485422776294,40.54904997862134
14,P0034,CJ  Cooked Rice,Dry Food,361,2025-12-09 11:57:59,1.1265277450453945,0.8530942248192607,99.58427601482572,1.1756766585172067,0.9190907941924201,48.79284169455264,1.091313435259192,0.7614340799380795,100.45581124985861,1.09753365765598,0.80180142023792,39.99303913474161
14,P0036,Dongwon  Tuna Light Can 150g,Dry Food,232,2025-12-09 11:58:37,0.7997164950962894,0.6659425291910073,99.27306534902097,0.8556583048409185,0.6603569295671251,41.139848607557795,0.7997335325340115,0.7132265387955069,99.23275510732526,0.9275695604145915,0.6761268250485684,39.38077536035091
14,P0035,CJ  Multi-Grains Cooked Rice 210g,Dry Food,342,2025-12-09 11:58:36,0.936194074901223,0.714033163594461,99.30730700770802,1.1455619764133136,0.8824279414282905,44.241941996615196,1.1333384417146068,0.8344673652435329,99.57907571208504,0.9590609657405893,0.7052188956219217,38.6948360874649
14,P0037,Ottogi Cup Spaghetti,Dry Food,368,2025-12-09 11:58:45,1.000605032532784,0.7923609608478772,95.62173144600597,0.9671856968485935,0.793629342979855,41.300717709241084,1.0880881464588843,0.858018286227978,99.41474210171329,0.9577105800516641,0.754637864795891,39.01897816507666
14,P0038,(Kaya) Korean Rice 1Kg,Dry Food,490,2025-12-09 11:59:00,1.0232838409112683,0.8075216672968086,100.57291014078154,1.2159387489431168,0.9302399357159933,48.81023140196447,0.9544296636858078,0.794860703164003,102.25564418637336,1.002392051908108,0.8267835621931114,50.741603425455054
14,P0039,Ottogi 3Mins Curry,Dry Food,394,2025-12-09 11:59:11,0.9895179714662672,0.7146909358735483,94.5728807049428,1.248501328301642,0.964615289039082,54.50834374725389,1.0876374445297778,0.753418997663295,100.90696367777257,1.3521917144000646,1.0617557552796375,64.05563085005639
14,P0040,Ottogi Sweet Corn 340g,Dry Food,414,2025-12-09 11:59:26,1.0650704071726842,0.8358602361430325,102.04189061356514,1.1777288938069042,0.9338788453075622,42.66365836142863,1.091270463383524,0.8375743888054252,99.80847465752078,1.0550003621545476,0.8552250129630766,44.81318515740929
14,P0042,CJ Hetbahn Brown Rice,Dry Food,294,2025-12-09 11:59:45,1.628295807450865,1.050592992525896,98.68729313673624,1.8584413700530409,1.2240550835927329,53.09634262165696,1.6935806194266545,1.0048437839629492,101.62895725298979,2.223432313188247,1.4040734929553533,58.5472636207445
14,P0041,CJ Hetbahn Multi-Grain Rice,Dry Food,345,2025-12-09 11:59:36,1.076923736141512,0.8321972947616374,99.8043222710982,1.2270379047032045,0.9182439287503561,51.11192876652436,0.9280765508128174,0.7443681643912293,98.6284413714061,1.0636707554113392,0.8744122895641603,54.201057529295895
14,P0043,CJ Hetbahn Cooked Barley,Dry Food,300,2025-12-09 11:59:55,0.9578861027952363,0.7616959939752226,98.34123369443799,1.2178128150357623,0.9108702881468667,56.18877807701075,0.848392306713595,0.6923931630477613,89.77963857560025,0.8776955826069901,0.6825975050528844,46.46801895565457
14,P0044,Ottogi Vegetable Soup 80g,Dry Food,425,2025-12-09 12:00:07,0.9849446600423382,0.7622556532965382,99.2312956844581,1.0656491985968963,0.8335811118284862,40.57797309314763,0.8996626161736724,0.6951317878614404,98.0853298943949,0.9723406696161898,0.7462478539522956,33.76448435876883
14,P0045,CJ Beksul Wheat Flour,Dry Food,370,2025-12-09 12:00:10,1.2087511654115317,0.8918517952802241,98.90901612235497,1.4803598570588923,1.0849956194559733,56.277843590766665,1.0623447611112296,0.7494469201983784,96.19970490533662,1.4713459225694907,1.0780716200132627,51.4247967366086
14,P0046,CJ Beksul Potato Starch,Dry Food,320,2025-12-09 12:00:13,0.8858215641234044,0.6881179091960585,102.49963659451541,2.260755141708384,1.768628457519743,61.57047039057766,1.2009940402535968,0.868187313495946,99.07415955940957,2.465352122607491,1.8540913742035627,77.26895396359814
14,P0065,Sempio Spicy Stir-Fried Dried Squid,Food Fresh/Meat/Sidedish,186,2025-12-09 12:00:53,,,,,,,0.9347953154181715,0.7865491094394454,101.89942420732065,1.2449203131205853,0.9657315611839294,61.324867051944395
14,P0063,Our Home Kimchi 1Kg Jar,Food Fresh/Meat/Sidedish,213,2025-12-09 12:00:49,0.9297595726367807,0.7710640994614752,99.22453360763434,0.9842474940889371,0.8038097672992283,48.27246488023688,0.875335541636384,0.7745429425938455,102.36330325071592,0.9205509121016328,0.7468246471050174,43.085533602293154
14,P0047,Dongwon Spicy Tuna,Dry Food,379,2025-12-09 12:00:35,0.9298939152827339,0.7020338030951081,105.20496615566552,2.228752590902019,1.7438416643896035,67.43424277906577,1.0495508325321898,0.800573503632039,120.20392091737804,2.034652968893066,1.5314274696927321,64.54782058557636
14,P0068,Enoki Mushroom 150G 2Packs,Food Fresh/Meat/Sidedish,184,2025-12-09 12:01:04,,,,,,,0.7748428159530983,0.6342463247581245,82.94935411953284,0.9451244523914224,0.792651350433762,45.501773099641554
14,P0069,Bibigo Beef Bone Soup,Food Fresh/Meat/Sidedish,198,2025-12-09 12:01:15,,,,,,,1.603856825381883,1.2045565821433464,101.17827596415579,1.4664080369611143,1.0313346654176712,41.198121991185914
14,P0048,Dongwon Light Tuna,Dry Food,714,2025-12-09 12:00:48,1.2149418993609649,0.8165331958909279,92.37195314758138,3.3173159690493046,2.3131224380599127,54.58658554772684,1.2423553760331167,0.8288713770797244,98.01974236478802,3.4922700692231308,2.510903633557833,56.62498114972884
14,P0070,Skinless Garlic 150G,Food Fresh/Meat/Sidedish,345,2025-12-09 12:01:15,1.0433826722561563,0.816897978495462,100.88527963423635,2.2650764716463825,1.7622941937711505,62.90943018232479,0.7560957131746938,0.6502360909874697,106.98916061293467,1.5356079855947538,1.2683141231536865,53.665129139638914
14,P0071,Kongsarang Firm Tofu,Food Fresh/Meat/Sidedish,320,2025-12-09 12:01:18,1.0875264555596973,0.8269692120610628,96.15442214398522,2.232194227294681,1.7072567151652442,69.29809197456848,0.8972749065385379,0.740988324803823,108.12304048227676,2.042837233408585,1.7266459055244923,87.85952032233277
14,P0072,Kongsarang Soft Tofu,Food Fresh/Meat/Sidedish,377,2025-12-09 12:01:25,0.8347478834763017,0.6570932689772537,102.13566022747668,2.1451308917663505,1.69166799320115,58.707626437713685,0.7911766093303367,0.6846448576140475,100.34867253306065,1.3831127442071218,1.1348022677396472,50.8302368214953
14,P0073,Perilla Leaves 2Packs,Food Fresh/Meat/Sidedish,347,2025-12-09 12:01:35,1.034674422407418,0.7755891528293202,96.63097402641708,2.1538308542874143,1.6386340962515937,62.082340556893456,0.8363376097284192,0.7124283008297453,98.11149264867338,1.5083771353558553,1.1826132535934448,51.600687938077115
14,P0101,Daerim  Fish Cake Stick,Food Frozen,276,2025-12-09 12:01:53,0.969006652989078,0.7238106116773015,97.59579547937123,2.1844210159060333,1.6889100273450215,63.905390906958914,1.1985609122212177,0.8721204903041796,95.7721909488641,2.2595906838711954,1.7966399219419276,68.71005764432671
14,P0103,Daerim  Chaw Stick 100g,Food Frozen,288,2025-12-09 12:02:12,0.8420284007550842,0.6833024519347314,232.79937247905545,1.6322323637061233,1.3165519224272835,51.84472325554601,0.9978189755925883,0.8009119917978353,141.059305076852,1.580217078191191,1.2308757942298363,52.84467329239023
14,P0102,MWC Tteok Galbi Bar,Food Frozen,337,2025-12-09 12:02:01,1.0609374359739026,0.8283878234757179,168.06147967316744,2.107299437540547,1.7026563664277394,69.06840542417527,1.057117109044885,0.8544526014030752,118.19526076150856,1.9125209418280098,1.5355435557225172,70.1806581909163
14,P0080,Samyang Buldak Original Spicy Mandu 700g,Food Frozen,822,2025-12-09 12:01:52,1.0626186496316268,0.7966624867223018,99.46371441548334,1.746993790668569,1.2893647127681307,41.576055883344225,1.0721277315916744,0.7989866048879302,97.50126765460061,1.8249866919359259,1.3397367571339462,40.69900690816277
14,P0104,Pepero Original,Food Frozen,774,2025-12-09 12:02:19,0.780652189458646,0.5888686833406072,153.9515793368106,2.2792460693491825,1.6984246492385866,57.01049071287487,0.8130267350389948,0.596948466093075,562.0688069287509,2.2963945749283026,1.745010769751764,57.84283471203627
14,P0120,Aloe Vera Juice 1.5L,Liquor/Beverage,234,2025-12-09 12:02:45,1.1429416288425336,0.8976079059910038,107.75441530107616,1.1111842543223984,0.9048499531216092,57.872330847240626,1.1462621681431742,0.8555144556482229,99.87308525843828,1.1525903430733049,0.8979284661881467,55.15846795948806
14,P0115,Strawberry Milk 200mL 6Pcs,Liquor/Beverage,1070,2025-12-09 12:02:41,1.040092491626615,0.7899348582022788,99.72047390453058,3.326053170704063,2.5442933903800116,44.95982498920275,1.009686646141258,0.7701082745980937,99.94048296413415,3.1935626746332764,2.4564272265567957,41.788057153174755
14,P0121,Lotte Chum Churum Soju,Liquor/Beverage,282,2025-12-09 12:03:01,1.2155414557160589,0.8550580659868146,89.8054168005451,1.1971514659495968,0.8757686263985104,50.23242031792064,1.1161132660349586,0.8485113329221057,100.17030350461245,1.0473662946854887,0.7986958246482047,41.73095885773152
14,P0114,Banana Milk 200mL 6Pcs,Liquor/Beverage,1028,2025-12-09 12:02:37,0.7235478010008705,0.5856670809718056,113.79165465699228,2.207353866701596,1.7833241754108005,66.1037574866951,0.7407775136419084,0.6027030317487581,135.79122542089777,2.197821781645784,1.7653662186224484,68.20455612100062
14,P0122,Chamisul Original Soju,Liquor/Beverage,1035,2025-12-09 12:03:04,1.0383415413376207,0.8237612089439051,2375.8920231016664,2.9225657632206743,2.3354623211754695,46.05537617823573,1.0219414177446051,0.8112867720622544,146.89101092707287,3.1199640240249034,2.498113405301375,48.79091424195606
14,P0126,Woongjin Yogurt Pineapple 1.5L,Liquor/Beverage,239,2025-12-09 12:04:02,1.6350482023365014,1.1884402797391476,101.83441556279314,1.6398930255427588,1.2449139171176486,68.8049471302638,1.3526495501305795,1.0605103467469827,101.42988374996065,1.535118889043316,1.2831016505757968,73.7835650382534
14,P0125,Jinro Fresh Soju,Liquor/Beverage,979,2025-12-09 12:03:22,1.1475501903461944,0.9159090555693088,148.78947084371643,2.5674428542150034,2.042192804813385,50.015437393833274,1.1219142513521647,0.9022944101821384,118.72444682560742,2.7538211509864228,2.197562207981032,51.12976665391377
14,P0124,Terra Lager Beer 500mL,Liquor/Beverage,1023,2025-12-09 12:03:21,0.5724310019086934,0.47999753175154825,158.50773104912855,1.9715968831259572,1.5605056789186267,59.70607405442715,0.5770658739990565,0.46946633505124913,226.91604609226766,2.0552199966342197,1.5813358580193868,54.62042577786611
14,P0123,Cass Cold Brewed Beer 500mL,Liquor/Beverage,951,2025-12-09 12:03:20,0.6450020895998201,0.5254009691301695,515.9866309436726,2.0491836001154846,1.6208330578274197,47.26364510630159,0.6743246291119245,0.54158223523882,252.7553556925321,1.9595490600080645,1.5337820246581633,44.04180181350414
14,P0127,Lets Be Mild Coffee Can 4Pcs,Liquor/Beverage,240,2025-12-09 12:04:42,0.9253629450002393,0.762595166205262,100.26009947335903,1.209734903302203,0.9272758404413859,60.079890105459434,1.0140740230740641,0.8424501780684519,99.13498252218453,1.043994013629712,0.7886019249757131,53.79960102339586
14,P0128,Chamiseul Fresh 360mL,Liquor/Beverage,252,2025-12-09 12:04:43,1.0319024697675367,0.8356560541976611,98.37627931350077,1.0872991248926218,0.864457552962833,42.892881064503285,0.802296685341571,0.6908095334788449,97.29762326261813,1.0205830011873256,0.8248249759861067,43.69440984881782
14,P0129,Sunhari Grape 360mL,Liquor/Beverage,246,2025-12-09 12:04:44,0.8896507434051314,0.7233780384672296,99.93224235590078,1.1174943662991712,0.8380324727959103,43.827287588169966,0.9206391705099725,0.799213518010278,97.53479532250688,1.0315445969540122,0.7227532362937927,34.656554488908675
14,P0130,Sunhari Apple 360mL,Liquor/Beverage,329,2025-12-09 12:04:44,0.9957492761160194,0.7839941719589261,100.28104026492142,1.0338412240986208,0.8225148664580451,43.685778927235376,1.0838797376677063,0.8109082664190886,100.36155568988214,0.9848504738403961,0.7440276109811031,39.00653438134627
14,P0132,Sunhari Strawberry 360mL,Liquor/Beverage,236,2025-12-09 12:05:35,1.2706104991923812,0.9289576100703641,100.33915787998424,1.207710787692812,0.9095607002576193,44.77767643190566,0.9452217241075713,0.778698382183238,100.19450307974572,1.3556233952722356,1.0000793933868408,55.01319265200032
14,P0133,Sunhari Blueberry 360mL,Liquor/Beverage,270,2025-12-09 12:05:36,0.9400503213912516,0.7678971431586498,102.61125173706998,0.878115444677887,0.7057098256217109,44.40978140301175,0.8371754929137509,0.6966905007013596,97.88615957344494,0.9418738068423903,0.7815713043566104,52.16103399241412
14,P0131,Sunhari Yogurt 360mL,Liquor/Beverage,301,2025-12-09 12:05:30,1.0827814489550731,0.8051089100118807,95.96377185681987,1.3484321380861801,1.0042709489663442,54.16314907467324,1.399817834867453,0.8952319232059724,102.14263375005592,1.461953710935468,1.007572506294876,54.60386476881517
14,P0136,Cass Fresh Beer,Liquor/Beverage,223,2025-12-09 12:06:08,0.6074341948284951,0.5084667089623666,93.38136229347853,1.827204205186778,1.390746988190545,61.7967679828563,0.6905249727499821,0.6014416253642798,140.81645319065126,1.770316994270696,1.388277652528551,48.869990490101
14,P0134,KSD Green Grape Rice Wine 750mL,Liquor/Beverage,314,2025-12-09 12:05:58,1.3569903647069008,1.0688149541265066,101.05495717032943,1.2579251513013594,0.9883633673191071,49.991328107354086,1.5363882235416442,1.1367512070991161,95.53046533413327,1.3277589971456283,1.0114943337818934,58.30650107990918
14,P0137,Hite Beer Can,Liquor/Beverage,213,2025-12-09 12:06:16,0.8805630718863132,0.7693736346088385,99.14806253945098,1.9541901218668283,1.6392009887430403,63.457561210665126,1.0234370228332894,0.9453844903149963,102.74253154697132,1.7646692681332985,1.408695334611937,67.0225495608278
14,P0135,KSD Peach Rice Wine 750mL,Liquor/Beverage,311,2025-12-09 12:06:07,1.1369028397255958,0.9098079260611749,105.61017111642887,1.2614828429194054,1.0072688397434022,61.348952369084444,1.2437871605540274,0.9592700423691771,103.68492072023643,1.3889241994535477,1.0518441559776428,57.80610167160234
14,P0138,Kirin Ichiban Beer 330mL,Liquor/Beverage,439,2025-12-09 12:06:34,0.9226475756069765,0.7410340517762253,98.84152423280767,2.0190840907439647,1.65740228427781,68.57091576163407,0.9579033692189552,0.7881850121074913,101.09836401200319,2.0494586236932477,1.7437118860808285,73.12268415893311
14,P0139,Paldo Pororo Juice,Liquor/Beverage,607,2025-12-09 12:06:35,0.9020781683314085,0.6908160863071358,120.79437140214304,2.0201364657131715,1.5974279178513422,52.8547198597886,0.887182870875106,0.6881833226933729,103.42613670085663,2.1420099392151255,1.6946016520750327,47.69935532323184
14,P0140,Woongjin Yogurt Peach 340mL,Liquor/Beverage,626,2025-12-09 12:06:41,1.0612653249048027,0.8495654416669215,109.59899816289243,2.4480983566723244,1.9581632547908359,60.84549371896345,1.112307585026219,0.886646738470687,103.19561522243052,2.6896215481899413,2.1581640659816683,71.71411667947308
14,P0141,Woongjin Yogurt Apple 340mL,Liquor/Beverage,509,2025-12-09 12:06:45,1.0493150351827452,0.8065942916556939,98.96989418889032,2.302320629023777,1.8216393841637506,58.614371463845174,0.9717988184241481,0.7528207273247779,99.01405727896085,2.082332843237987,1.6664341512848349,59.724787086939
14,P0142,Nongshim Welchs White Grape 355mL,Liquor/Beverage,477,2025-12-09 12:07:14,1.2586732806071352,0.9399241984609308,115.65552756749778,3.1259578148294995,2.4258549597528245,73.11484746753453,1.117849986306998,0.8150329106722376,100.08424258524416,3.003014353514434,2.270360382894675,71.12136720818076
14,P0143,Nongshim Welchs Grape 355mL,Liquor/Beverage,614,2025-12-09 12:07:18,1.1670563152912514,0.8918675498982331,132.32601963585813,2.846798361470838,2.111924409204059,62.98198627444903,1.1334733493348896,0.8558184719612318,100.31967812332742,2.7770436551056936,2.022599633147077,60.17259569304435
14,P0144,Nongshim Welchs Strawberry 355mL,Liquor/Beverage,458,2025-12-09 12:07:23,0.7769004568999154,0.6231562814425402,100.66004523320746,1.8644898477965777,1.4947380483150483,60.471207754785326,0.8547506950655392,0.6593627751642545,102.4362946157272,1.7836459780291445,1.477493475312772,54.90962855799732
14,P0145,Binggrae Melon Soda,Liquor/Beverage,550,2025-12-09 12:07:25,0.8419516658696727,0.6742528538811652,103.58380783942576,2.3270154093278097,1.9244116279813976,63.07292693557348,0.8372602878574863,0.6708746617573988,110.32872814813265,2.1005727795152387,1.7620827501470393,62.29393164806286
14,P0146,Binggrae Yogurt Drink,Liquor/Beverage,540,2025-12-09 12:07:57,1.2119007184800488,0.9213283651251261,105.0864945567271,2.5892839492064637,1.9983629531330531,56.22025668469979,1.1457934734098285,0.8766634344712902,103.71568873345372,2.3285930031331383,1.8363451251277216,62.54456501604664
14,P0147,Binggrae Coffee Milk,Liquor/Beverage,420,2025-12-09 12:08:05,1.0844887308790976,0.7922181313939652,101.66107737707287,2.270728526109344,1.7040192994806502,62.2409955077877,1.0104875308041292,0.741335989090723,97.9295852027249,2.2497897796391007,1.737405708857945,66.93537496268756
14,P0148,Binggrae Strawberry Milk,Liquor/Beverage,466,2025-12-09 12:08:08,0.7855747109703544,0.6390731996419192,96.2949845631498,2.0429219051445235,1.664523799551858,75.98921586156217,0.7284577256667725,0.6151108479467857,114.77878038667761,2.025079710501223,1.6785330036853223,82.8287341142981
14,P0149,Binggrae Mango Milk,Liquor/Beverage,508,2025-12-09 12:08:16,1.1342052741749202,0.8354896772461795,192.33041913566174,2.881805878203244,2.1464505950609842,67.11016442960067,0.9042049540098668,0.7203822052063377,143.23918603022102,2.4759255163180875,1.937843638307908,72.45210081301781
14,P0150,Samyang Buldak Rosã Ramen 105g,Noodles,914,2025-12-09 12:08:51,0.9073086737084338,0.7355258826296258,106.22405440588953,1.926324561740398,1.545559553967582,54.327022873276235,0.9200723964504974,0.7482245239552243,101.8202756258706,1.7798410824937472,1.4423520903769738,51.125268014662275
14,P0151,Samyang Buldak 4 Cheese Ramen 110g,Noodles,976,2025-12-09 12:08:56,0.7810678872366215,0.6285115033399145,129.49115571466285,2.2200759597001705,1.7797454284297096,54.76583993673895,0.8033010117550242,0.6480424323420427,109.14191482753938,2.3345102619140645,1.7617203982508913,57.02449261381345
14,P0152,Samyang Buldak Original Cup,Noodles,959,2025-12-09 12:09:00,1.0254231916404701,0.8185347405332974,102.0801502672243,2.3356298857650035,1.8163865307966867,60.66101515869386,1.036129034212453,0.8136622254004279,107.32913988797597,2.4874727849041283,1.992659407357375,69.05836418208074
14,P0153,Samyang Buldak Cheese Cup,Noodles,1035,2025-12-09 12:09:07,1.0368281656788092,0.8445520266507704,109.5970952170393,2.87351157635094,2.2639273272620306,48.45738086279167,1.0211592912505074,0.8306020576814456,102.82924204642947,2.9177813252575437,2.3378946020983267,48.04079197039997
14,P0154,Nongshim Jjawang,Noodles,249,2025-12-09 12:10:11,1.3094914388407124,0.9330189795491868,101.98878436302155,1.12582553789046,0.8404335512055291,42.565622188426836,1.0276208288910504,0.8511408411070409,99.22815261728395,0.8517165655685573,0.6724850845336914,39.3118659734726
14,P0156,Nongshim Ramyun King Bowl,Noodles,269,2025-12-09 12:10:18,1.0308501804604555,0.8572578259449524,103.08946450428745,0.892910190741529,0.7359639247258504,41.36287063580972,1.0130265893463828,0.8468974163678605,97.17366010542857,0.8374415855319762,0.7332425349288516,40.38775047402323
14,P0157,Nongshim Yachae Ramyeon 100g,Noodles,211,2025-12-09 12:10:29,1.1431935557266835,0.7978146348296649,95.95431224402223,1.213067818213003,0.8791103137864007,40.3162951822634,1.1492165405252448,0.7894172003314245,96.34811970570374,1.1336067814365203,0.7837451280549516,35.71839174558951
14,P0155,Nongshim Dungji Mul Nengmyeon (Cold Noodle),Noodles,300,2025-12-09 12:10:15,1.2164910447446844,0.9713742088197574,99.38474229272597,1.18470591411127,0.9419725792275535,52.647373038782646,1.222924302572044,0.9078230324431993,93.22839039317698,1.3450274237390618,1.0579219877719879,57.10513678902671
14,P0158,Nongshim Shin Ramen Black,Noodles,262,2025-12-09 12:10:42,0.8463621298872437,0.6933824875021927,97.30827224862362,1.0312003681542956,0.8067461265458001,50.14270505640243,0.8032900612092324,0.6774438921119385,98.41054128023023,0.7702667392346386,0.6238721159269225,34.98659516280553
14,P0159,Nongshim Neuguri Cup 111g,Noodles,236,2025-12-09 12:10:54,0.8505256713838409,0.719396434213031,100.19916866676535,0.8922753000017032,0.6782889948950873,36.50565421139753,0.8018535193368347,0.6993453841986834,100.94333606590169,0.8466686901310565,0.7120522037148476,49.56655071841347
14,P0160,Paldo Wang Cup Kimchi,Noodles,256,2025-12-09 12:11:02,0.8096725143408359,0.6555761815493314,92.43657415913387,0.9518087502887531,0.8012822243902419,45.62140727926183,0.7355498365643797,0.6502889240568941,93.16648380535129,0.8662711913894164,0.7309507658848395,43.69514185648698
14,P0161,Paldo Wang Cup,Noodles,284,2025-12-09 12:11:08,0.9649536060991445,0.7799600540244992,98.02736599322313,1.125596268391609,0.9117395480473837,52.96155611232475,0.7910865236051062,0.6865960157663731,99.18280328345364,0.9806998508756565,0.8056084252240365,44.99906463929785
14,P0162,Ottogi Jin Jjampong,Noodles,236,2025-12-09 12:11:14,0.8642939309560793,0.6628708445139908,95.98589545588983,1.0424517480042923,0.8170804633034601,55.12646887668227,0.6364560901254064,0.5313347213531444,97.4853282822876,0.87967719938488,0.6915052831172943,38.78977631943094
14,P0165,Samyang Cream Carbo Buldak 140g,Noodles,262,2025-12-09 12:11:58,0.9050028038633244,0.7184001756058626,273.27585099154294,1.9337689293606386,1.5312172651290894,66.02619762132618,0.9230775534190879,0.7713108346883994,113.69106917520402,1.94842431771003,1.5510081007795513,59.99071582986696
14,P0163,Samyang Buldak Rose 140g,Noodles,1055,2025-12-09 12:11:34,0.9544042630602076,0.7567435621080356,101.30041458808677,4.72368478487337,3.717979900042216,47.32254160405804,0.9646673669326696,0.7652384305960055,100.11084628260778,4.8889619341182025,3.8214282718314942,50.92114580675998
14,P0164,Samyang Buldak 4 Cheese 145g,Noodles,1008,2025-12-09 12:11:51,0.8528032898959297,0.6624191720058539,143.44719030235171,4.652632328359356,3.7547546201282076,84.22160847095972,0.8710350317531999,0.6895482717386091,126.5491398168759,5.221254747743227,4.286014309023867,94.33516678116163
14,P0167,Samyang Cheese Buldak,Noodles,272,2025-12-09 12:13:20,0.7599187574437362,0.6059090804446551,207.14178453755227,1.8476491205501302,1.5150635202725729,66.71590338150659,0.6776363079378311,0.5566748865614686,104.59897256325684,1.3495587485524785,1.0552463748238303,34.21408683964701
14,P0166,Samyang Buldak Original,Noodles,1029,2025-12-09 12:12:06,0.6045105503283816,0.4887222560985698,158.1027105996119,3.5853587579110693,2.8430624617470635,82.51240378274431,0.6195851891231637,0.5010797330712777,21794.56779971822,3.767909559529533,3.0776930908554965,95.68831735435033
14,P0168,Samyang Carbo Buldak,Noodles,287,2025-12-09 12:13:35,0.7159531585088764,0.5947723005946213,100.63610947508019,1.6281689093385499,1.3306230664253236,42.62865238887713,0.7702545276588542,0.6530817908788483,96.85858733105196,1.6507827938531834,1.325236990534026,39.80574720892413
14,P0170,Ottogi Jin Jjajang,Noodles,298,2025-12-09 12:13:45,1.0620262310762572,0.8209269310328736,98.10409506389549,2.2690171332892275,1.708529641893175,77.25721237042073,0.8341957549366434,0.749389451317535,147.5541598156068,2.6128117539006737,2.0461929281552633,82.66272880140214
14,P0171,Tempura Udon Big Cup,Noodles,530,2025-12-09 12:13:49,0.766393965607373,0.6165371470680863,93.8925977598292,1.9631051076956645,1.6375764535533057,63.851221385237565,0.7527045276809242,0.606590308124017,97.27149014023551,1.9676105367486045,1.628292350274212,64.27643855662716
14,P0169,Samyang Buldak Stew Type 145g,Noodles,1004,2025-12-09 12:13:42,1.2544655459663474,0.9526261378187766,224.43223390060353,5.370419753109235,4.255403333240086,69.83242170173763,1.2016185240570159,0.9075581698307879,135.50683692279387,5.306322267462421,4.0759321611319015,65.97920575526105
14,P0172,Ottogi Jin Hot Big Cup,Noodles,465,2025-12-09 12:14:03,1.0357671439061673,0.8280661444442896,100.42163976413083,2.159306343246606,1.7227811959054735,64.8294564745049,0.9229351314427262,0.7596846012941427,97.92235629448113,2.036048374790686,1.6479952386630479,69.9414677514244
14,P0173,Nongshim Jjapageti,Noodles,539,2025-12-09 12:14:12,0.9584621404734593,0.7628469720067523,99.97155036967048,2.023927541417931,1.6514868689907922,52.61131140311139,0.9591955161666637,0.7713082212953909,101.36364807952145,1.963716627344864,1.571343904292142,50.08288602121853
14,P0174,Ottogi Cheese Bokki Cup,Noodles,549,2025-12-09 12:14:27,0.9288568962944173,0.7345741206812171,96.36294440510832,2.061355262254957,1.6304163906309341,73.8259945358243,0.9655560875836979,0.7386205545964811,99.16407020141965,1.9642963407305378,1.546623601696708,71.52935664426712
14,P0175,Samyang Jjajang Hot Chicken,Noodles,599,2025-12-09 12:14:31,1.1898776611019646,0.8831192738610524,125.94712503599366,2.630706982093842,2.080653072065777,60.69174139884059,1.0719329526915478,0.7942092174418529,128.196291498509,2.5135810621642998,1.9595069249471029,57.77233080691408
14,P0176,Ottogi Cheese Bokki Cup,Noodles,578,2025-12-09 12:14:38,0.7896661364515364,0.6408046502418897,129.985723017214,1.9005273847243709,1.4943539947271347,73.89520984059077,0.7686225740574986,0.6347619161279586,101.64381991573946,1.8968122823962212,1.4611714667287365,75.71839743321752
14,P0177,Ottogi Beef Seaweed Soup Ramen,Noodles,569,2025-12-09 12:14:46,0.9383004749290345,0.7099976407619857,97.77311656706854,2.3923115188562303,1.893760691748725,73.70970590874131,0.8916680586020044,0.6594261770987867,141.78044459389778,2.3676164783508664,1.8320286639949732,71.81491927761718
14,P0178,Samyang Mala Buldak,Noodles,535,2025-12-09 12:15:00,0.9894448144514837,0.7067236635050039,102.23882094352822,2.320002161349273,1.807745385169983,66.75998387305884,0.9280048444396949,0.7022754615505353,100.74211316757507,2.1541085138423974,1.7190365423665983,65.86718725779699
14,P0179,Ottogi Ramen Bokki Cup,Noodles,589,2025-12-09 12:15:06,1.0267659157030016,0.7499322679084548,110.47174697264951,2.6122976496822203,1.9740019732051426,50.317304572774106,1.070365392351479,0.7676863700374956,100.54847693092024,2.5044634166027304,1.906322722717867,56.82629800732525
14,P0180,Samyang Curry Ramen,Noodles,554,2025-12-09 12:15:17,1.023409669604157,0.7761532546646369,268.8002460904595,2.154595795257464,1.735649812883801,55.348542134980086,1.0657298451696546,0.7750167043273197,254.72346042180632,2.1328099442397805,1.7162806944804148,50.93286182908206
14,P0181,Paldo Bibim Cold Noodles,Noodles,462,2025-12-09 12:15:20,1.0926925324598318,0.8259443967546699,145.7164186475245,2.7465035681993717,2.1527818891737196,67.85246323956376,1.0789925922302137,0.7663366725992965,118.15797659022236,2.8614838626398806,2.146993539666617,63.85735218067532
14,P0182,Paldo Ilpoom Jjajang,Noodles,453,2025-12-09 12:15:48,0.76761514629476,0.6116884212927769,175.41030259143366,1.9407258167950472,1.523025095462799,62.28552948461429,0.8750616727118481,0.6939977342883531,117.43152302026604,1.9391082302358418,1.577901309663123,71.72291679602205
14,P0183,Samyang Kimchi Ramen Bowl,Noodles,526,2025-12-09 12:16:00,1.1721012573657286,0.9149722774589523,103.97857297650035,2.4864402971216197,1.9756090084711713,54.36993575015855,1.1055809357984931,0.8621792295893423,100.04839158730965,2.521802075717056,1.939454365451381,46.50562320052204
14,P0185,Nongshim Shin Non-Frying Ramen 97g,Noodles,469,2025-12-09 12:16:17,0.885294947901628,0.7351264239842654,99.32442833288067,2.0472598047370836,1.6428758323192596,67.24471040773663,0.9442112249946653,0.7878737845412008,100.02406937141608,1.9448732175609649,1.5165093109962788,64.09149227815479
14,P0184,Nongshim Baehongdong Bibimyeon 137g,Noodles,422,2025-12-09 12:16:16,1.0096113203312553,0.7829172017389279,97.35826421253964,2.3181991331211482,1.845661966668235,74.31412579474252,0.7549404242196283,0.5979017541182217,99.38867534635213,1.666350573650856,1.2809233847786399,46.05918333619985
14,P0186,Ottogi Chachelin Blackbean 145g,Noodles,546,2025-12-09 12:16:38,0.9193882582622558,0.6863910574204817,142.25441280754828,2.1957472943377443,1.7466847274038526,51.083912265954865,0.75606618432708,0.5768848720631192,124.54949790538068,1.868057314166035,1.4753065087578514,47.89718353576303
14,P0187,Paldo Bibim Men,Noodles,478,2025-12-09 12:16:47,0.988466887976289,0.7438322928513018,97.36749631210182,2.627291550900614,1.9217627326647442,66.7596658807929,0.8396370820428402,0.6934445520666512,100.39565828866546,2.0295085509773543,1.5747093968093395,61.57280277764535
14,P0188,Nagasaki Jjampong,Noodles,434,2025-12-09 12:17:13,0.8806451199509805,0.7145046748057562,103.30268287306549,1.873236776306763,1.461204002963172,55.332223040353824,0.948114694048715,0.7870956491258896,99.2714454150504,1.8367757152895587,1.4398449673049751,58.425591722976286
14,P0189,Ottogi Bodle Cheese Ramen,Noodles,477,2025-12-09 12:17:15,0.9451911923031866,0.7458613470781676,99.7679795401803,2.04640603915334,1.612116601732042,71.81643033255098,0.993769043878322,0.7499821815953612,97.44137683335924,2.575659915279543,2.048323877155781,93.03871161558412
14,P0190,Nongshim Tempura Udon Cup,Noodles,632,2025-12-09 12:17:44,1.1044575434009285,0.8038856420784506,99.0551105826027,2.691127151054677,2.0822126507759093,63.287195984933724,1.1336860411838554,0.8377992801290853,100.08626435890402,2.9814332619307433,2.178256481651246,65.32017819410967
14,P0191,Paldo Teumsae Ramen,Noodles,470,2025-12-09 12:17:50,0.9738391722055331,0.743033092091651,99.89445887259421,2.398300490210402,1.8774321662055122,70.66123839728779,0.8327185440117021,0.6878007089441067,99.96107209272954,2.270562263163295,1.7720753411029249,68.97682428076337
14,P0192,Nongshim Soon Veggie Ramen,Noodles,452,2025-12-09 12:18:10,1.172309814394006,0.8943738157163689,111.06094196022384,2.7928460320738053,2.1056374688943227,61.03078691538915,1.1280977914087316,0.9238315213721044,103.37684196383456,2.936842280084749,2.2855480293651205,60.35565637867578
14,P0193,Paldo Gomtang Ramen,Noodles,481,2025-12-09 12:18:11,0.9813162937446189,0.685337150630865,258.61204525482356,2.462738807658458,1.7574615226851569,71.91524669915457,0.8596308526972044,0.6198622471777251,98.74536357764966,2.0386623006133058,1.4971483036414863,63.025189887161915
14,P0194,Shin Ramen Kimchi,Noodles,393,2025-12-09 12:18:33,1.0889727123822248,0.854170012217861,99.77527406308866,2.185375766267883,1.651223976082272,61.65070513765725,1.2001985528352168,0.9422020875105446,98.49750308729263,2.2099609131925857,1.7394228947313526,62.54717757924541
14,P0195,Ottogi Jin Mild Small Cup,Noodles,465,2025-12-09 12:18:37,1.0884755486371078,0.8324027480889358,99.33224297464324,2.242018452870802,1.7007555663585663,56.05141294254739,0.9454433256067666,0.773343337686011,98.56237846428473,2.037569537435895,1.6598402838553152,57.48219442566294
14,P0196,Paldo Cheese Ramen,Noodles,474,2025-12-09 12:19:06,1.266858313697813,0.8905198200052434,107.63455287429419,3.007533339069581,2.1490306615829464,74.9276010359548,1.0820513989652687,0.7544278135436314,100.78371532593529,3.0889382606721796,2.2153321103045815,71.58889591362568
14,P0197,Nongshim Seafood Ramyun,Noodles,459,2025-12-09 12:19:11,1.4114816780175579,1.0116211484974942,99.75274694660894,3.625321241391932,2.676521389020814,75.78043995750244,1.2665274944442446,0.8195638895687078,165.7059586892403,3.9041923475523244,2.815191947895548,66.94864499549054
14,P0198,Paldo Koreno Beef Noodle 100g,Noodles,448,2025-12-09 12:19:38,1.2728494859238149,0.9320886879927963,103.30809978150864,2.6193312053828803,2.042577875322766,61.460335293182325,1.031892371753447,0.7831097377168114,97.54742502856683,2.6980722783004505,2.130335474014282,54.102791836652806
14,P0199,Paldo Koreno Shrimp Noodle,Noodles,583,2025-12-09 12:19:44,1.0486484351329763,0.7524117554778244,123.13045837784986,2.6424260988236696,2.0755483587582906,66.83177867502678,0.943353603342975,0.7162792413179896,108.95166385085172,2.357148247002436,1.8624570471608741,60.10696620553663
14,P0200,Paldo Koreno Kimchi Noodle,Noodles,571,2025-12-09 12:20:07,0.9230025907674746,0.7011994983721042,133.36487613185332,2.178093137875546,1.6512901253170438,56.3921517332711,0.8382583626016771,0.6702458504172227,98.19728710218149,1.8081478963271602,1.4303464101708454,57.96777061224206
14,P0201,Sewoo Tang Small Cup,Noodles,464,2025-12-09 12:20:18,0.949598261406793,0.724189734900543,104.42710745421249,2.534546172925238,1.9389177166753344,76.61988321206152,0.9377514970176448,0.6797349035757102,97.22967138535341,2.3533680572140168,1.8465856954615603,91.43488313290659
14,P0202,Nongshim Ansung Tangmen,Noodles,548,2025-12-09 12:20:38,0.9571717547469385,0.7365532561476457,98.20731217216081,2.2088556871620977,1.760540869500902,67.29370118994956,0.9018569062972941,0.6832882647923604,100.83826316624848,1.9062506858616945,1.5055190498178654,47.32932602552296
14,P0203,Jin Ramen Spicy Cup,Noodles,988,2025-12-09 12:20:46,0.9944158099412492,0.7672951664806936,142.44567698831202,4.492679554425116,3.4996397468778824,65.93481560165806,0.9975853490085117,0.7760174753442358,133.53693549362154,4.792559245300434,3.7427928833046344,63.77044864848978
14,P0204,Ottogi Cup Ramen Kimchi,Noodles,402,2025-12-09 12:21:05,0.8937251485512843,0.7083226107975018,102.02200366138024,2.260792256434291,1.7767240352100795,68.62912607201594,0.7705411840098083,0.6227591545546575,98.16410378438462,1.6933045938059492,1.3751729682639793,59.32810819198075
14,P0205,Ottogi Yeul Ramen,Noodles,595,2025-12-09 12:21:12,1.2072023995151433,0.8559945848652195,114.5745338388053,2.5264813888901156,1.921234546105067,55.31760662181374,1.14538065035358,0.8065223315246643,95.96015977374793,2.4308432324921556,1.8909301367126594,45.17046707070155
14,P0206,Nongshim Chapagetti,Noodles,467,2025-12-09 12:21:27,1.1706887510584136,0.8905301967634798,94.97940279866134,2.591047536653459,2.012019325627221,64.94560966112513,1.194775912343146,0.8762690785067503,91.39592221624481,2.6328193320407873,1.9792167176591589,63.41838613590329
14,P0207,Ottogi Yeul Ramen 120g,Noodles,490,2025-12-09 12:21:39,0.9256135899885953,0.7303293832113427,156.4354089056888,2.204379397592759,1.7413875838120778,62.25811496702394,0.920311179101597,0.7408146548795388,103.42033844472299,1.8018893297662049,1.4784753724020354,68.79255203501504
14,P0209,Ottogi Kimchi Ramen,Noodles,319,2025-12-09 12:22:08,0.9463236127491432,0.7431614328752454,100.22370281895225,2.2124520494186015,1.792791943748792,78.48706287168551,0.8522618585962836,0.7280565010637221,97.38189360602372,1.852106048235845,1.5496300552040339,54.1611515662618
14,P0208,Ottogi Jin Ramen Mild,Noodles,967,2025-12-09 12:21:42,1.169033870188489,0.9343659164964951,223.2089973920032,5.031414196447811,4.003870650132497,68.3298944142705,1.1294294807588254,0.8976256811360657,123.27462764332793,5.269593169943014,4.1499485772909575,72.81295414801819
14,P0210,2Mins Snack Men,Noodles,438,2025-12-09 12:22:23,1.0267848175892236,0.7556158160819185,98.69281671309172,2.139841689640698,1.6615971816910637,64.53830039371515,0.8068696028799374,0.6091822674489927,96.95449419874808,1.7893516880791436,1.4384928237308154,55.13712985741276
14,P0224,Seasoned Seaweed 200g,Seasoned/Sauce/Powder,219,2025-12-09 12:22:54,1.007408451516382,0.8014644675181437,98.5752193215115,1.3400963806984687,1.0760582817925348,65.31773418219632,1.1167484581695053,0.8683131801431353,98.2640824699178,1.2985637196799769,0.9873945387926969,54.0541981360613
14,P0225,Chung Jung One Soybean Paste,Seasoned/Sauce/Powder,214,2025-12-09 12:22:56,0.8353114975687986,0.7009926542944568,98.82631280538511,1.1361813950537962,0.8953859554396735,52.02068000811118,0.9521755872619851,0.8146605751720714,100.29235432967809,0.87942449647543,0.7419219183367353,53.26557509658873
14,P0227,CJ Beksul Beef Bulgogi Sauce 290g,Seasoned/Sauce/Powder,204,2025-12-09 12:23:31,,,,,,,0.7640429534527872,0.6298748381140539,94.13369518692576,0.8483831296488853,0.72759658243598,48.98979353710887
14,P0211,Ottogi Jin Ramen Hot,Noodles,992,2025-12-09 12:22:32,1.1119299841912502,0.8742253600567775,121.22683819818926,4.391273361129487,3.588323714998033,65.44075935075215,1.0947139349449382,0.8546661981705365,133.29452820628117,4.937371708996075,3.8553090886255004,67.20323229983777
14,P0226,CJ Beksul Sweet Korean Pancake Mix 400g,Seasoned/Sauce/Powder,269,2025-12-09 12:23:23,1.197045477495817,0.8519625563156106,102.53209895575743,1.3590416634314688,1.0418097297350566,58.535403955865796,0.8706609898007851,0.6895313474064833,99.77256152964445,1.1852733582775092,0.8957836517581234,51.50520225365957
14,P0228,Sempio Gochujang (500g),Seasoned/Sauce/Powder,282,2025-12-09 12:23:37,1.0912412322765717,0.8859226949318714,103.4859576020992,1.1909650564966514,0.9436725841628181,47.73910250928667,0.9747038544149541,0.8205170614500639,100.60454753139274,1.0944255476150608,0.8490548280247471,36.766786819313005
14,P0229,O'Food Korean BBQ Sauce,Seasoned/Sauce/Powder,287,2025-12-09 12:23:55,0.9847156802831866,0.7552401740017513,100.24362244817635,1.3572106836778557,1.0566849556234148,53.063523878496156,1.025174946660899,0.755161851005526,100.77181178703445,1.533628876529406,1.2421192917330512,61.88836840377455
14,P0232,O'Food Tofu Stew Base,Seasoned/Sauce/Powder,254,2025-12-09 12:24:16,1.0891248026379128,0.8781790149062622,95.19272410874635,1.0162984243183955,0.8091998318831126,49.14832065502803,1.1965980962733866,0.9368812686441004,105.40483719246387,1.0757909651648547,0.8167824604931999,44.58223030847661
14,P0230,CJ Beksul Pancake Sauce,Seasoned/Sauce/Powder,339,2025-12-09 12:24:01,0.9312701232702459,0.7469063559855509,101.35231277696815,1.1277415239657498,0.9111111501852671,57.51174141269513,0.9743797128221096,0.7372376021726881,97.71684356593725,0.9944564651375273,0.7674974641379189,42.21181421011102
14,P0231,O'Food Bulgogi Marinade,Seasoned/Sauce/Powder,358,2025-12-09 12:24:09,1.0201412774300826,0.7649358647365097,98.30351606097199,1.1928113518350987,0.8888411468929716,45.657424265587764,0.9993765359854012,0.7528132891181143,99.63316785003727,1.0495473808407028,0.7653089993529849,40.90954354515783
14,P0233,O'Food Korean Fried Chicken Sauce,Seasoned/Sauce/Powder,237,2025-12-09 12:24:29,1.0341389806852255,0.8204418134019202,96.25928442807023,0.9806201944540681,0.7601381738980612,46.58929277349401,1.01894108198228,0.7912388374681945,92.44248618287637,0.9026530332123659,0.7132708678642908,42.671715940038354
14,P0234,CJ Beksul Spicy Pork Sauce 290g,Seasoned/Sauce/Powder,287,2025-12-09 12:24:44,1.0531838635234356,0.8747456267667306,99.54291922012169,1.0038592074623072,0.7884376751052009,46.478039494267215,1.1636518940796357,0.9616855145292679,104.0100234054372,0.9857284389846934,0.7607223165446314,44.106306796786434
14,P0237,O'Food Tteokbokki Sauce,Seasoned/Sauce/Powder,231,2025-12-09 12:24:54,1.114847176988233,0.8698504665425401,99.92922796233174,1.2645792592011718,1.009966649611791,63.53052458939729,0.8937589543885881,0.7523559515187364,100.67915135695435,1.0093715685260043,0.8021580285214364,44.423899802755805
14,P0235,O'Food Kimchi Base Sauce,Seasoned/Sauce/Powder,345,2025-12-09 12:24:46,1.0266502837102585,0.8184128312706408,101.29167946624622,1.334785459046588,1.0570012509822846,63.141810553099106,0.9257828219109316,0.7122192735467413,99.40402734396011,1.0902739965230799,0.8470740214638088,48.87121959009033
14,P0236,CJ  Soybean Paste 500g,Seasoned/Sauce/Powder,310,2025-12-09 12:24:50,0.8637849464459986,0.6947428347936406,96.93712440768255,1.0011601209102872,0.7813832392295201,49.14703598397749,0.9534222645240902,0.7270578560525167,95.50288451885201,0.9517040371674109,0.7715084764265245,43.69623020772011
14,P0238,Ottogi Curry Mild,Seasoned/Sauce/Powder,237,2025-12-09 12:25:09,1.1135643648308495,0.8853545269687219,100.02618249478073,1.233976954804873,0.9751815398534139,53.93811134497325,0.8758818113703257,0.6906235067580766,99.58359833912911,1.0947249929706182,0.8432595332463583,41.01922062122159
14,P0239,Ottogi Curry Hot,Seasoned/Sauce/Powder,286,2025-12-09 12:25:18,0.9038043485818459,0.722013183466307,97.00613143731576,0.848202746109879,0.6673598527908325,43.09715584472374,1.02427535255802,0.7873844794259891,98.87040936060198,0.8959007701182519,0.6981655523694795,41.49678388546253
14,P0240,Ottogi Spaghetti Sauce,Seasoned/Sauce/Powder,292,2025-12-09 12:25:26,1.4489588170097782,1.0245347684579738,99.23598693528676,1.4192958480193187,0.9916365835401747,43.842916087708986,1.176686964064695,0.828505081032,100.01708463123802,1.403198387307418,1.019232246835353,47.75048412396634
14,P0241,CJ Anchovy Sauce 500g,Seasoned/Sauce/Powder,366,2025-12-09 12:25:27,0.9859589840738284,0.736974197141463,101.9083658526061,1.2239056498855052,0.9303737984763252,46.88306112427139,0.8157829113304016,0.6600848746478362,100.99040909369705,1.0000883380894896,0.8181680537558891,42.45786743658083
14,P0242,CJ  Gochujang 200g,Seasoned/Sauce/Powder,308,2025-12-09 12:25:32,1.0499900006760141,0.8363515931295022,102.1667296904023,1.0632322013100255,0.8429622676637437,46.984444757302605,1.1798742003058862,0.9304511774126181,100.12936954610406,1.082314613137441,0.8377534574077975,46.05440556362111
14,P0243,CJ  Ssamjang 170g,Seasoned/Sauce/Powder,308,2025-12-09 12:25:43,1.1440427420848465,0.8422088750886253,201.78954800437776,2.808967842997084,2.1476776136292353,82.89318395248094,1.1807175011279472,0.9165697377981911,100.05704904786461,2.2260316803715248,1.7551782996423784,56.83001866962903
14,P0246,Post Almond Flakes,Snacks,192,2025-12-09 12:26:12,,,,,,,1.1419058974768606,0.8590549395576775,107.35338897614915,1.203415641223163,0.9258635594294622,61.91070298863273
14,P0244,Wasabi Almond 190g,Snacks,1069,2025-12-09 12:25:50,0.8051452580669693,0.6380159983906275,139.90684763839073,3.3203157110786288,2.6348199367523195,47.574980470574054,0.804293616181577,0.6330954125426881,122.22929718037949,3.417561518634899,2.6762003118746747,49.2894988006941
14,P0245,Honey Butter Almond 190g,Snacks,1092,2025-12-09 12:26:05,0.793666751906107,0.6214499372417082,129.8559733853366,3.3395474422746534,2.625225420792898,49.39319735345734,0.842842956651147,0.664809942568416,191.7754704051828,3.5086729530941083,2.8223046733908457,52.247182695552596
14,P0248,Choco Pie Black Sugar 12Pcs,Snacks,1082,2025-12-09 12:26:24,1.1883205425400365,0.9651178505654727,266.6219248764157,5.402839912565625,4.340351668993632,38.09367962948094,1.1158103917805926,0.9102792620414158,1922.4691544103437,5.491076676322333,4.299381532976704,41.31788959788302
14,P0247,Choco Pie Green Tea 12Pcs,Snacks,1092,2025-12-09 12:26:24,1.0947983461781876,0.8853608066243166,169.75622281031735,4.896100796790136,3.955573105812073,29.370263682707474,1.0812611042343272,0.8783693290454664,382.03784696215735,4.79737703591661,3.876575552709571,30.448857436756903
14,P0250,Haitai Honey Butter Almonds,Snacks,412,2025-12-09 12:27:06,1.1406413713295662,0.8329023824156138,99.64933119362172,1.5327475712822798,1.1986627373430463,61.49667993624164,1.0968368868870473,0.8238697374528409,99.51671608912673,1.3896765953377852,1.0308768390172935,42.36437662059524
14,P0251,Oil Fried & Salted Peanuts,Snacks,450,2025-12-09 12:27:29,1.1239251636214753,0.8284530541453442,98.44195464242705,1.3386603945308782,0.9993943244218826,45.305291274762865,1.2204876846376744,0.9039367555433719,101.04728528019339,1.4515362303099177,1.086721866660648,50.213248559827306
14,P0253,Orion Market O Brownie,Snacks,429,2025-12-09 12:27:46,0.9402484572270269,0.7590994572271493,101.68209513344475,1.0723334726523783,0.8568293670813243,49.63118579873333,1.038272315405845,0.806579804561164,102.1795342583917,1.1709667176629104,0.9476341217063194,54.03461205173833
14,P0254,Honey Roasted Peanuts,Snacks,429,2025-12-09 12:27:54,0.9085217364266218,0.7316608276316081,101.09638271079623,1.0182535076524843,0.7915910926130083,41.76692935524794,0.9450738603077655,0.7671145354523964,101.7706922265303,0.9516899940077704,0.7189004483611084,33.61470687759015
14,P0252,Lotte Banana Choco Pie 12Pcs,Snacks,1088,2025-12-09 12:27:45,0.8818974076503159,0.7137868594324801,131.82250471258828,3.8150300948524043,3.1081596957312687,37.082872247559465,0.9078627998754755,0.7282134072557892,146.83979020167288,4.049652133262536,3.2417795242519554,40.1188949900733
14,P0255,Bibigo Crispy Seaweed Snack,Snacks,521,2025-12-09 12:28:10,1.1473245200370066,0.8410614100353226,96.37297206581921,1.2685152612882962,0.9854544421037038,51.81008763051537,1.0951374157556935,0.7881009782399527,94.96545625460375,1.3424443315071044,1.0252082132157825,60.80793804862872
14,P0256,Orion Custard Cake,Snacks,408,2025-12-09 12:28:26,0.8265970444232373,0.6610679857876005,354.43880717698664,2.3911076622860405,1.9757222208711838,123.18854838136642,0.8147318258291982,0.6534828308315639,106.59536880340777,0.9772623759518584,0.7407395054654378,38.83411632320745
14,P0257,Lotte Almond Chocolate,Snacks,463,2025-12-09 12:28:30,0.956040391056022,0.7612995985149957,97.66254469427605,0.9892499448161436,0.772579354710049,40.91244474200555,0.8869046225497212,0.7375745131601376,99.54489336518762,0.9302183126166947,0.7783961257626933,44.941455262536216
14,P0258,Orion Custard Choco Cake,Snacks,480,2025-12-09 12:28:34,0.9088669707984709,0.711242651028948,99.41557907313029,1.1763400775245816,0.9200342681672838,45.18651905955461,0.8650038782823251,0.6788528919927865,99.63895524241386,1.078463011362239,0.8631172726551691,41.1531362386923
14,P0259,Nongshim Sengseng U-Dong,Snacks,492,2025-12-09 12:28:46,1.108952100230049,0.7862393399770528,98.37020896508295,1.3607241952477604,0.9893608974085915,43.36683028835711,1.1322672561587233,0.7775646651012228,97.5197740170626,1.409165488730677,0.9681150491791543,47.08001398998761
14,P0260,Binch Biscuit,Snacks,422,2025-12-09 12:29:03,0.9686006708165777,0.7348226398372502,102.0395181002713,1.1029859581011845,0.8927712284856373,50.75104288822549,1.2184267924497962,0.8874837778206339,100.5701769618678,1.2863454126636464,1.0178319888956406,57.45214865699647
14,P0261,Lotte Choco Heim,Snacks,437,2025-12-09 12:29:05,1.0575740564365577,0.8509397642083489,100.11900374722194,1.2509129317511385,0.988333335849974,50.30707990681684,0.9683462457647847,0.7955256932263056,101.41220615028419,0.9514377585842276,0.7640234692530199,40.2766427352573
14,P0262,Orion Custard Pineapple,Snacks,551,2025-12-09 12:29:13,1.0138509356389638,0.7101868262876387,97.95140977757944,1.115294067661224,0.8687697099314795,38.425759304400266,0.852049030000759,0.6596392140998253,97.58750181940837,1.1765965613719953,0.8971927853317948,40.11775946354604
14,P0263,Samlip Honey Castella,Snacks,488,2025-12-09 12:29:27,0.9271845685956641,0.7026387155253748,89.69935948987128,1.2314461624157522,0.960564132531484,48.62890714307101,0.7004023909785547,0.5540871151333709,87.57226589272481,1.1594450519369752,0.9234979602755332,52.45182296451257
14,P0265,Orion Almond Candy,Snacks,456,2025-12-09 12:29:52,0.8712805530922839,0.6784710289722662,97.90132803657485,1.234960073656199,1.030840610464414,60.74908124417645,0.7055524253138178,0.5850416379985445,102.02811141196389,1.1801191436897498,0.992734678413557,69.11067319521005
14,P0264,Lotte Ghana Dark Chocolate,Snacks,455,2025-12-09 12:29:50,0.716550783843244,0.5759587010751102,105.6536844132264,0.9117408082043987,0.7307264539930556,39.76534922223873,0.7571557960975642,0.6317746292165548,103.34917937662644,0.8791452283098703,0.7079695017783196,38.5371384821532
14,P0266,Bibigo Seaweed Crisps,Snacks,307,2025-12-09 12:30:13,0.9337093798336102,0.7477415226124136,101.30644309387307,1.1239151522079842,0.858437630865309,43.77148774928517,0.9680888606007397,0.79945660796145,101.54003239761329,1.1034084825110497,0.8455448112180156,47.04467757094292
14,P0267,Lotte Pepero White Cookie,Snacks,486,2025-12-09 12:30:29,1.1648256172373284,0.8988471394562292,98.07884162983525,1.3971769243428964,1.12286048134168,58.79718391589387,0.9775528465043007,0.7591444801221918,98.69476227268751,1.215527870964801,1.0423094143672866,55.37743942556854
14,P0268,Samlip Walnut Pie,Snacks,417,2025-12-09 12:31:00,1.346363871205671,0.9974194397957598,100.19430233504808,1.32117101090273,0.9933306548330518,48.2870440431583,0.9919440165439574,0.7651904966300335,99.68260155901172,1.4279689888186107,1.0759466020833879,46.02169695489802
14,P0269,Lotte Soft Strawberry Milk Candy 79g,Snacks,438,2025-12-09 12:31:00,0.9881443985707841,0.7705916705415914,103.78550682397932,1.1949070348692759,0.9513678514295154,51.51543492662213,0.8526077667396438,0.667955077006602,101.13261542189737,1.1537203007428707,0.9248856265436519,49.23767863091452
14,P0270,Samlip Custard Cream Cake,Snacks,412,2025-12-09 12:31:22,0.7202567589386175,0.5866652493191924,103.24575493413775,1.0409103489202314,0.8333044058746761,47.90526392693242,0.7154155484655991,0.612461167418038,100.29754069717838,0.8706842996216453,0.7225128053182579,42.145803984867996
14,P0271,Orion Choco Chip Cookies,Snacks,532,2025-12-09 12:31:35,0.9836831507927007,0.7220249560006227,108.77149960751439,1.2880092485434655,0.9678079873323441,47.957170968648626,1.0834326773505523,0.7844949686177224,101.42768616147573,1.481692263987502,1.0703249523572833,49.171194719589174
14,P0272,Haitai  Sunkist Candy 125g,Snacks,434,2025-12-09 12:31:56,0.9385439491132604,0.6998872446837684,91.132612871702,1.3330577734012046,1.0909583469231925,61.803944170580124,0.7048597203187684,0.5868958567722894,96.06423590165896,1.05502197538148,0.86743740377755,61.45463833863708
14,P0273,Haitai  Plumcandy 130g,Snacks,402,2025-12-09 12:31:59,0.8770148937402606,0.6938978128393344,99.97997888767406,1.068011053381011,0.8685483366250992,51.37737256992852,0.9208137186096024,0.730316296885519,102.33529909176549,1.0066899805111529,0.8128956924250097,46.052590348943404
14,P0274,Haitai Matdongsan,Snacks,505,2025-12-09 12:32:04,0.9839235658898413,0.7339790722343162,100.86455452942697,1.1073008649642087,0.9045631262991163,44.10759929784392,1.0376671509210573,0.8207606839414334,94.00433008856422,1.129945169974729,0.9164824450370108,46.8475549971928
14,P0275,Haitai Sweet Potato Snack,Snacks,467,2025-12-09 12:32:19,0.9890573959598495,0.7931888544067166,97.59066971844936,1.195969904659568,0.9408934921026231,50.79383064598844,0.8047441533427051,0.6544645532126203,103.62525934268267,0.978222299417843,0.7846667246615633,39.84560849184685
14,P0276,Orion Sun Chips Korean BBQ,Snacks,356,2025-12-09 12:32:36,0.7439663351774087,0.6075660125787989,99.21671087854322,1.1467180467629658,0.909635184208552,51.19547667657887,0.8027234570346147,0.6380124579400288,99.81785763084721,1.0378973654331745,0.778637644317415,33.896155854066215
14,P0277,Orion Turtle Chips Sweet Corn,Snacks,384,2025-12-09 12:32:51,0.9607393552972571,0.7360159561677104,100.7392734568845,2.205062290447084,1.7240583452913496,61.13151718811078,0.9649110080140089,0.7286483773179294,98.55815387575248,1.6992496154399264,1.3708244035770367,46.80743151940124
14,P0278,Haitai O! Karto Chips,Snacks,421,2025-12-09 12:33:00,0.8476895576996184,0.6983605249411939,99.55098445922178,1.983982823827344,1.549172674616178,69.41682166543546,0.7964719968016192,0.6432969449763584,100.2378461336649,1.737959662899508,1.3034426029990702,61.087439040381476
14,P0279,Orion O! Karto Sweet Corn,Snacks,453,2025-12-09 12:33:15,0.9902831540155936,0.7400688863625802,98.82774636825974,2.239666812662551,1.7074224445554946,53.8981109395548,0.7986639973558626,0.6380984903311039,101.33521171526824,2.0051634111426386,1.5497232531453227,48.52842492218117
14,P0280,Nongshim Potato Sticks,Snacks,606,2025-12-09 12:33:37,1.0084466690745386,0.7633002283894464,107.43702567145893,2.3583650296746903,1.9131128781371647,66.36726110069031,1.001338029312924,0.7500161263834365,117.72384700284913,2.360504496110011,1.9279133775195136,70.84383249443304
14,P0281,Haitai Ace Crackers,Snacks,400,2025-12-09 12:33:43,1.0156467948765695,0.7320856929581057,104.8568627550177,2.7045482795574465,1.977315304014418,57.68362315648715,0.6843149344134682,0.5852708477826445,100.27305897522847,1.764989993716701,1.4855002149939538,60.36200284177349
14,P0282,Orion Choco Boy,Snacks,411,2025-12-09 12:33:49,1.0637902889088087,0.766333727700909,101.04052536330573,2.8015100975592575,2.0869227584865357,67.83010861126623,0.9525533661936729,0.7312383128841486,102.22198078928592,2.036136297543628,1.614344835281372,47.85961546503944
14,P0283,Orion Ogingo Ttangkong,Snacks,463,2025-12-09 12:34:15,1.0991860357820205,0.8094410380810596,97.6524863685344,2.3040588689599644,1.8601823972331153,76.93313769089261,0.8894429373308984,0.7292803294370288,98.10935207484131,2.518080461367885,1.9718783491401262,77.2133003892683
14,P0284,Kkokal Sweet Corn Snack,Snacks,451,2025-12-09 12:34:39,1.0105769979764456,0.8289050041757396,99.67652566644568,2.0312913190376864,1.648635110590193,62.84971805396363,1.0212238847470585,0.8160942834810877,100.07690763177608,2.1788909099496965,1.7998568657990341,67.27498735915832
14,P0286,Crown Caramel Maple Corn,Snacks,434,2025-12-09 12:34:43,1.1871150905645835,0.907039898273428,100.2894994037836,2.494375039442392,1.9726529836654663,76.90380206421742,1.1965393315987112,0.9336343889901653,98.8331357692995,2.500976406749911,2.020921816771058,71.79947909134995
14,P0285,Corn Choco,Snacks,534,2025-12-09 12:34:40,1.0213277743781428,0.7223807631566879,122.96544318094678,2.260493589527481,1.692756348186069,59.89506540554112,0.8649006000040442,0.6495589229428117,110.76588455367775,1.764677612140686,1.4147607455743807,49.458033939426045
14,P0287,Nongshim Banana Kick 75g,Snacks,531,2025-12-09 12:34:59,0.9722097505352999,0.75574734356316,100.01531766178196,2.4087366299554818,1.9249030576811896,64.50116749705056,1.0045157591911644,0.7569525214583998,96.3039927932147,2.23856408491134,1.8053099006135886,58.444176451388074
14,P0288,Nongshim Honey Rice Snack,Snacks,310,2025-12-09 12:35:11,0.9428755522212078,0.7681008942293277,96.53490028696552,1.8589925123307658,1.4143453723854489,59.10618352661611,1.1134866505975898,0.9152826547346872,100.92197982584014,1.8047093340829357,1.366702789260495,62.6952987657947
14,P0289,Crown Corn Chips,Snacks,380,2025-12-09 12:35:16,1.2709501364451277,0.9450408056421711,100.09991145490423,2.6741415062444527,2.1245254000027973,76.31532280169662,1.138669140104294,0.8587813746118776,99.75238257054714,2.6298295834593697,2.1419688651436255,69.25149817783884
14,P0290,Doritos Galbi Chicken,Snacks,697,2025-12-09 12:35:19,0.8608573425516111,0.6666819746747102,91.42480121361484,2.407878778991366,1.927643856075075,73.10077646047247,0.8824506221246431,0.6747764546567504,91.85804010843157,2.646941551406714,2.087332948616573,82.74298268519948
14,P0291,Crown Sando Biscuit,Snacks,802,2025-12-09 12:35:34,0.6247439789634235,0.47817819949406326,1384.9380794814253,2.6480155696229466,2.139171854654948,89.41904840185794,0.6631975956945027,0.507013183282297,113.0288139110783,2.4118995816088016,1.8941543043029974,82.67187557946754
14,P0292,Orion Goraebab Crackers,Snacks,695,2025-12-09 12:35:47,0.9504327620350388,0.7002145875534589,114.9514928512454,2.6084377594154993,2.0392933905124666,65.44874624088925,0.9628507429747359,0.7080450646734335,104.41717692433514,2.5923976481343756,2.0505285168723235,62.889380605090174
14,P0293,Lotte Sand Biscuit,Snacks,772,2025-12-09 12:36:03,1.1019339894235292,0.8367981388750158,129.12108458951008,3.302468091023287,2.5619235396385194,54.52541788935813,1.0755707879322942,0.8403485119616941,106.46188735796275,3.3539943807518253,2.569729294315461,51.30274936275463
14,P0294,Pepero Strawberry,Snacks,826,2025-12-09 12:36:19,0.8548072970133229,0.6809826349846233,95.0725698672639,2.6331398490860694,2.111298751831055,62.3953013339774,0.9178207472440301,0.7359782174680494,107.66969526425703,2.7081625714568394,2.1612184880727745,64.4248573479778
14,P0296,Lotte Cereal Choco,Snacks,847,2025-12-09 12:36:51,1.049580388581297,0.7967803577209194,168.4785655486058,3.284722258028393,2.659274355570475,71.96726682235035,1.0162001466423127,0.7765482028980887,102.04224388623669,3.3429521243309157,2.7117903611239265,74.17170841783653
14,P0295,Pepero Almond,Snacks,1091,2025-12-09 12:36:47,0.9501308523490672,0.7569226115467089,141.5606282537534,7.537634426113529,6.089917474322849,46.499117141182964,0.9392168967403742,0.7542588654205212,124.51422143392692,7.437617363108217,6.0017817597411,46.105487594622026
14,P0297,Pepero Choco Filled,Snacks,852,2025-12-09 12:37:13,0.9857804474701545,0.7600994872931748,107.4874894936287,3.1592830473386506,2.441341706116994,72.13260892469953,1.003499667117079,0.7685029686981614,99.85646030841741,3.0361466549269887,2.388756541480795,69.40816417095681
14,P0298,Pepero White Cookie,Snacks,718,2025-12-09 12:37:22,1.1507193881622408,0.8446553726509267,99.69365440022784,3.206934110894964,2.3533011423216923,51.22308698341251,1.0719321010892284,0.8367615515900941,203.71108562588608,3.1491171277015955,2.3633773409658008,57.54079098350109
14,P0299,Lotte Xylitol Green Gum,Snacks,604,2025-12-09 12:37:54,0.9964817438294191,0.7538941202999985,98.18202373318958,2.601075700704289,1.9868535995483398,63.74851109305303,0.9893976002640061,0.7368912119273379,100.74127919048361,2.6198093210220663,1.8372381955138908,58.583803179470564
14,P0300,Can Choco Balls,Snacks,727,2025-12-09 12:37:55,1.127937077413189,0.8395563798535695,104.09070409684523,2.713109096615763,2.0771076248751745,50.25415756893564,1.0476248955830603,0.7426211167252952,100.69404694722968,2.6537549237260434,1.9738147642514476,47.31720331494383
